{"cameraMode":{"drawMode":0,"name":"Shaded","section":"Shading Mode"},"sceneLighting":false,"audioPlay":false,"sceneViewState":{"showFog":true,"showMaterialUpdate":false,"showSkybox":false,"showFlares":true,"showImageEffects":true,"showParticleSystems":true},"in2DMode":false,"pivot":{"x":-4.363711833953857,"y":4.061636924743652,"z":-5.960866928100586},"rotation":{"x":0.21526531875133515,"y":-0.06818513572216034,"z":0.015075010247528553,"w":0.9740716814994812},"size":0.9478365778923035,"orthographic":false}