{"cameraMode":{"drawMode":0,"name":"Shaded","section":"Shading Mode"},"sceneLighting":true,"audioPlay":false,"sceneViewState":{"showFog":true,"showMaterialUpdate":false,"showSkybox":true,"showFlares":true,"showImageEffects":true,"showParticleSystems":true},"in2DMode":false,"pivot":{"x":-9.319391250610352,"y":-1.0366672277450562,"z":-10.791156768798829},"rotation":{"x":-0.04317661374807358,"y":0.9525634050369263,"z":-0.16185712814331056,"w":-0.2541149854660034},"size":34.35580062866211,"orthographic":false}